{
	"format_version": "1.8.0",
	"animations": {
		"animation.nano.power_punch": {
			"animation_length": 0.5,
			"bones": {
				"torso": {
					"position": {
						"0.0": [
							0,
							0,
							0
						],
						"0.25": [
							0,
							9,
							0
						],
						"0.5": [
							0,
							0,
							0
						]
					}
				},
				"head": {
					"rotation": {
						"0.0": [
							0,
							0,
							0
						],
						"0.25": [
							-10,
							0,
							0
						],
						"0.5": [
							0,
							0,
							0
						]
					},
					"position": {
						"0.0": [
							0,
							0,
							0
						],
						"0.25": [
							0,
							8,
							0
						],
						"0.5": [
							0,
							0,
							0
						]
					}
				},
				"right_arm": {
					"rotation": {
						"0.0": [
							0,
							0,
							0
						],
						"0.125": [
							66.42334,
							40.96254,
							160.94321
						],
						"0.25": [
							-107.75313,
							9.53274,
							46.96487
						],
						"0.5": [
							-19.34471,
							-5.48161,
							4.39199
						]
					},
					"position": {
						"0.0": [
							0,
							0,
							0
						],
						"0.25": [
							0,
							5,
							0
						],
						"0.5": [
							0,
							-1,
							0
						]
					}
				},
				"left_arm": {
					"rotation": {
						"0.0": [
							0,
							0,
							0
						],
						"0.25": [
							32.10382,
							5.35355,
							-8.45862
						],
						"0.5": [
							14.60382,
							5.35355,
							-8.45862
						]
					},
					"position": {
						"0.0": [
							0,
							0,
							0
						],
						"0.25": [
							0,
							8,
							0
						],
						"0.5": [
							0,
							0,
							0
						]
					}
				},
				"right_leg": {
					"rotation": {
						"0.0": [
							0,
							0,
							0
						],
						"0.25": [
							25,
							0,
							0
						],
						"0.5": [
							0,
							0,
							0
						]
					},
					"position": {
						"0.0": [
							0,
							0,
							0
						],
						"0.25": [
							0,
							9,
							0
						],
						"0.5": [
							0,
							0,
							0
						]
					}
				},
				"left_leg": {
					"rotation": {
						"0.0": [
							0,
							0,
							0
						],
						"0.25": [
							-10,
							0,
							0
						],
						"0.5": [
							0,
							0,
							0
						]
					},
					"position": {
						"0.0": [
							0,
							0,
							0
						],
						"0.25": [
							0,
							10,
							0
						],
						"0.5": [
							0,
							0,
							0
						]
					}
				}
			}
		}
	},
	"geckolib_format_version": 2
}